8,2,5, 1000.jpg
8,1,4, 10009.jpg
8,4,4, 100090.jpg
8,4,4, 100091.jpg
8,4,4, 100092.jpg
8,4,4, 100093.jpg
8,4,4, 100094.jpg
8,4,4, 100095.jpg
8,4,4, 100096.jpg
8,4,4, 100097.jpg
8,4,4, 100098.jpg
8,4,4, 100099.jpg
8,1,4, 10010.jpg
8,4,4, 100100.jpg
8,4,4, 100101.jpg
8,4,4, 100102.jpg
8,4,4, 100103.jpg
8,4,4, 100104.jpg
8,4,4, 100105.jpg
8,4,4, 100106.jpg
8,4,4, 100107.jpg
8,4,4, 100108.jpg
8,4,4, 100109.jpg
8,1,4, 10011.jpg
8,4,4, 100110.jpg
8,4,4, 100111.jpg
8,4,4, 100112.jpg
8,4,4, 100113.jpg
8,4,4, 100114.jpg
8,4,4, 100115.jpg
8,4,4, 100116.jpg
8,4,4, 100117.jpg
8,4,4, 100118.jpg
8,4,4, 100119.jpg
8,1,4, 10012.jpg
8,4,4, 100120.jpg
8,4,4, 100121.jpg
8,4,4, 100122.jpg
8,4,4, 100123.jpg
8,4,4, 100124.jpg
8,4,4, 100125.jpg
8,4,4, 100126.jpg
8,4,4, 100127.jpg
8,4,4, 100128.jpg
8,4,4, 100129.jpg
8,4,4, 100130.jpg
8,4,4, 100131.jpg
8,4,4, 100132.jpg
8,4,4, 100133.jpg
8,4,4, 100134.jpg