8,3,0,0.jpg
8,1,4,10000.jpg
8,4,9,100000.jpg
8,4,9,100001.jpg
8,4,9,100002.jpg
8,4,9,100003.jpg
8,4,9,100004.jpg
8,4,9,100005.jpg
8,4,9,100006.jpg
8,4,9,100007.jpg
8,4,9,100008.jpg
8,4,9,100009.jpg
8,4,9,100010.jpg
8,4,9,100011.jpg
8,4,9,100012.jpg
8,4,9,100013.jpg
8,4,9,100014.jpg
8,4,9,100015.jpg
8,4,9,100016.jpg
8,4,9,100017.jpg
8,1,4,10003.jpg
8,4,3,100036.jpg
8,4,6,100037.jpg
8,4,6,100038.jpg
8,4,6,100039.jpg
8,1,4,10004.jpg
8,4,6,100040.jpg
8,4,6,100041.jpg
8,4,6,100042.jpg
8,4,6,100043.jpg
8,4,6,100044.jpg
8,4,6,100045.jpg
8,4,6,100046.jpg
8,4,6,100047.jpg
8,4,6,100048.jpg
8,4,6,100049.jpg
8,4,6,100050.jpg
8,4,6,100051.jpg
8,4,6,100052.jpg
8,4,6,100053.jpg
8,1,4,10001.jpg
8,4,9,100018.jpg
8,4,9,100019.jpg
8,1,4,10002.jpg
8,4,9,100020.jpg
8,4,8,100021.jpg
8,4,8,100022.jpg
8,4,8,100023.jpg
8,4,8,100024.jpg
8,4,8,100025.jpg
8,4,8,100026.jpg
8,4,8,100027.jpg
8,4,8,100028.jpg
8,4,8,100029.jpg
8,4,8,100030.jpg
8,4,8,100031.jpg
8,4,8,100032.jpg
8,4,8,100033.jpg
8,4,8,100034.jpg
8,4,8,100035.jpg
8,1,4,10005.jpg
8,4,6,100054.jpg
8,4,6,100055.jpg
8,4,6,100056.jpg
8,4,6,100057.jpg
8,4,6,100058.jpg
8,4,6,100059.jpg
8,1,4,10006.jpg
8,4,6,100060.jpg
8,4,5,100061.jpg
8,4,5,100062.jpg
8,4,5,100063.jpg
8,4,5,100064.jpg
8,4,5,100065.jpg
6,4,5,100066.jpg
8,4,5,100067.jpg
8,4,5,100068.jpg
8,4,5,100069.jpg
8,4,5,100070.jpg
8,4,5,100071.jpg
8,1,4,10007.jpg
8,4,5,100072.jpg
8,4,5,100073.jpg
8,4,5,100074.jpg
8,4,5,100075.jpg
8,4,5,100076.jpg
8,4,5,100077.jpg
8,4,4,100078.jpg
8,4,4,100079.jpg
8,1,4,10008.jpg
8,4,4,100080.jpg
8,4,5,100081.jpg
8,4,5,100082.jpg
8,4,4,100083.jpg
8,4,4,100084.jpg
8,4,4,100085.jpg
8,4,4,100086.jpg
8,4,4,100087.jpg
8,4,4,100088.jpg
8,4,4,100089.jpg
8,2,5,1000.jpg
8,1,4,10009.jpg
8,4,4,100090.jpg
8,4,4,100091.jpg
8,4,4,100092.jpg
8,4,4,100093.jpg
8,4,4,100094.jpg
8,4,4,100095.jpg
8,4,4,100096.jpg
8,4,4,100097.jpg
8,4,4,100098.jpg
8,4,4,100099.jpg
8,1,4,10010.jpg
8,4,4,100100.jpg
8,4,4,100101.jpg
8,4,4,100102.jpg
8,4,4,100103.jpg
8,4,4,100104.jpg
8,4,4,100105.jpg
8,4,4,100106.jpg
8,4,4,100107.jpg
8,4,4,100108.jpg
8,4,4,100109.jpg
8,1,4,10011.jpg
8,4,4,100110.jpg
8,4,4,100111.jpg
8,4,4,100112.jpg
8,4,4,100113.jpg
8,4,4,100114.jpg
8,4,4,100115.jpg
8,4,4,100116.jpg
8,4,4,100117.jpg
8,4,4,100118.jpg
8,4,4,100119.jpg
8,1,4,10012.jpg
8,4,4,100120.jpg
8,4,4,100121.jpg
8,4,4,100122.jpg
8,4,4,100123.jpg
8,4,4,100124.jpg
8,4,4,100125.jpg
8,4,4,100126.jpg
8,4,4,100127.jpg
8,4,4,100128.jpg
8,4,4,100129.jpg
8,4,4,100130.jpg
8,4,4,100131.jpg
8,4,4,100132.jpg
8,4,4,100133.jpg
8,4,4,100134.jpg
8,1,4,10013.jpg
8,4,4,100135.jpg
8,4,4,100136.jpg
8,4,4,100137.jpg
8,4,4,100138.jpg
8,4,4,100139.jpg
8,1,4,10014.jpg
8,4,4,100140.jpg
8,4,4,100141.jpg
8,4,4,100142.jpg
8,4,4,100143.jpg
8,4,4,100144.jpg
8,4,4,100145.jpg
8,4,4,100146.jpg
8,4,4,100147.jpg
8,4,4,100148.jpg
8,4,4,100149.jpg
8,1,4,10015.jpg
8,4,4,100150.jpg
8,4,4,100151.jpg
8,4,4,100152.jpg
8,4,4,100153.jpg
8,4,4,100154.jpg
8,4,4,100155.jpg
8,4,4,100156.jpg
8,4,4,100157.jpg
8,4,4,100158.jpg
8,4,4,100159.jpg
8,1,5,10016.jpg
8,4,4,100160.jpg
8,4,4,100161.jpg
8,4,4,100162.jpg
8,4,4,100163.jpg
8,4,4,100164.jpg
8,4,5,100165.jpg
8,4,5,100166.jpg
8,4,5,100167.jpg
8,4,5,100168.jpg
8,4,5,100169.jpg
8,1,5,10017.jpg
8,4,4,100170.jpg
1,4,5,100171.jpg
8,4,5,100172.jpg
8,4,5,100173.jpg
8,4,5,100174.jpg
8,4,5,100175.jpg
8,4,5,100176.jpg
8,4,5,100177.jpg
8,4,5,100178.jpg
8,4,5,100179.jpg
8,1,5,10018.jpg
6,4,5,100180.jpg
8,4,5,100181.jpg
8,4,5,100182.jpg
8,4,5,100183.jpg
8,4,5,100184.jpg
8,4,5,100185.jpg
8,4,5,100186.jpg
8,4,5,100187.jpg
8,4,5,100188.jpg
8,4,5,100189.jpg
8,4,5,100190.jpg
8,4,5,100191.jpg
8,4,5,100192.jpg
8,4,5,100193.jpg
8,4,5,100194.jpg
8,4,5,100195.jpg
8,4,5,100196.jpg
8,4,5,100197.jpg
8,4,5,100198.jpg
8,3,9,135.jpg
8,3,7,136.jpg
8,3,7,137.jpg
8,3,7,138.jpg
8,3,7,139.jpg
8,3,7,140.jpg
8,3,7,141.jpg
8,3,7,142.jpg
8,3,7,143.jpg
8,3,7,144.jpg
8,3,7,145.jpg
8,3,7,146.jpg
8,3,7,147.jpg
8,3,7,148.jpg
8,3,7,149.jpg
8,3,7,150.jpg
8,3,7,151.jpg
8,3,7,152.jpg
8,3,7,153.jpg
8,3,7,154.jpg
8,3,7,155.jpg
8,3,7,156.jpg
8,3,7,157.jpg
8,3,7,158.jpg
8,3,7,159.jpg
8,3,5,160.jpg
8,3,5,161.jpg
8,3,5,162.jpg
8,3,5,163.jpg
8,3,5,164.jpg
8,3,5,165.jpg
8,3,5,166.jpg
8,3,5,167.jpg
8,3,5,168.jpg
8,3,5,169.jpg
8,3,5,170.jpg
8,3,5,171.jpg
8,3,5,172.jpg
8,3,5,173.jpg
8,3,5,174.jpg
8,3,5,175.jpg
8,3,5,176.jpg
8,3,5,177.jpg
8,3,5,178.jpg
8,3,5,179.jpg
8,3,5,180.jpg
8,3,5,181.jpg
8,3,5,182.jpg
8,3,5,183.jpg
8,3,3,184.jpg
8,3,3,185.jpg
8,3,3,186.jpg
8,3,3,187.jpg
8,3,3,188.jpg
8,3,3,189.jpg
8,3,3,190.jpg
8,3,3,191.jpg
8,3,3,192.jpg
8,3,3,193.jpg
8,3,3,194.jpg
8,3,3,195.jpg
8,3,3,196.jpg
8,3,3,197.jpg
8,3,3,198.jpg
8,3,3,199.jpg
8,3,2,200.jpg
8,3,2,201.jpg
8,3,2,202.jpg
8,3,2,203.jpg
8,3,2,204.jpg
8,3,2,205.jpg
8,3,2,206.jpg
8,3,2,207.jpg
8,3,2,208.jpg
8,3,2,209.jpg
8,3,2,210.jpg
8,3,2,211.jpg
8,3,2,212.jpg
8,3,2,213.jpg
8,3,2,214.jpg
8,3,2,215.jpg
8,3,2,216.jpg
8,3,2,217.jpg
8,3,2,218.jpg
8,3,2,219.jpg
8,3,2,220.jpg
8,3,2,221.jpg
8,3,2,222.jpg
8,3,2,223.jpg
8,3,0,224.jpg
8,3,0,225.jpg
8,3,0,226.jpg
8,3,0,227.jpg
8,3,0,228.jpg
8,3,0,229.jpg
8,3,0,230.jpg
8,3,0,231.jpg
8,3,0,232.jpg
8,3,0,233.jpg
8,3,0,234.jpg
8,3,0,235.jpg
8,3,0,236.jpg
8,3,0,237.jpg
8,3,0,238.jpg
8,3,0,239.jpg
8,3,7,240.jpg
8,2,7,241.jpg
8,2,7,242.jpg
8,2,7,243.jpg
8,2,7,244.jpg
8,2,7,245.jpg
8,2,7,246.jpg
8,2,7,247.jpg
8,2,7,248.jpg
8,2,7,249.jpg
8,2,7,250.jpg
8,2,7,251.jpg
8,2,7,252.jpg
8,2,7,253.jpg
8,2,7,254.jpg
8,2,7,255.jpg
8,2,7,256.jpg
8,2,7,257.jpg
8,2,7,258.jpg
8,2,7,259.jpg
8,2,7,260.jpg
8,2,7,261.jpg
8,2,7,262.jpg
8,2,7,263.jpg
8,2,7,264.jpg
8,2,7,265.jpg
8,2,7,266.jpg
8,2,7,267.jpg
8,2,7,268.jpg
8,2,7,269.jpg
8,2,7,270.jpg
8,2,7,271.jpg
8,2,5,272.jpg
8,2,5,273.jpg
8,2,5,274.jpg